<?xml version="1.0" encoding="UTF-8"?>
<project-private xmlns="http://www.netbeans.org/ns/project-private/1">
    <editor-bookmarks xmlns="http://www.netbeans.org/ns/editor-bookmarks/2" lastBookmarkId="0"/>
    <open-files xmlns="http://www.netbeans.org/ns/projectui-open-files/2">
        <group>
            <file>file:/C:/Users/shahriarmasum/Documents/NetBeansProjects/A2Sheet/src/a2sheet/P7HollowR.java</file>
            <file>file:/C:/Users/shahriarmasum/Documents/NetBeansProjects/A2Sheet/src/a2sheet/P6Rombos.java</file>
            <file>file:/C:/Users/shahriarmasum/Documents/NetBeansProjects/A2Sheet/src/a2sheet/P10HallowTri.java</file>
            <file>file:/C:/Users/shahriarmasum/Documents/NetBeansProjects/A2Sheet/src/a2sheet/P11HalR.java</file>
        </group>
    </open-files>
</project-private>
